url,label
http://restorerokensyncwalletconnect.com,phishing
http://bafybeieyvhv6ohk3pitvcrgxrokpo422cpqtd4sx5ymiksbfwfwlycbdyq.ipfs.dweb.link,phishing
https://huawei.com,benign
http://mail.confirmaccount74934.duckdns.org,phishing
https://poland.pl,benign
https://ukraine.ua,benign
http://b04321.com,phishing
http://sap2569je8.cc/js/jsheart.js?t=1755192273762,phishing
https://support.google.com,benign
https://harvard.edu,benign
https://garmin.com,benign
https://postgresql.org,benign
http://login-portaal.info,phishing
https://chile.gob.cl,benign
https://kayak.com,benign
http://livingcolour.co.jp/blog/Desjardins/ca/users/Login.ID-47885,phishing
https://www.dw.com/en/search?q=ni%C3%B1o,benign
https://glossier.com,benign
https://autotrader.com,benign
https://turkey.gov.tr,benign
https://imf.org,benign
http://mdn-china.com/chase/95d82121e3ef91c64e0d64aacda24091/verification-billing.php?cmd=_account-details&session=cab4fdcd88ce559670fe1911d36fbd6f&dispatch=c44756b13281dba563b4abbf551f07b0d8e696a3,phishing
https://www.google.com/url?q=https://www.amazon.com&source=gmail&ust=171234567890,benign
https://github.com/tensorflow/tensorflow,benign
https://analyticsvidhya.com,benign
https://60765911172190826.pages.dev/?community_standards.php,phishing
https://l.facebook.com/l.php?u=https%3A%2F%2Fgithub.com%2Fopenai,benign
http://office-user.dns.army/login-onmicrosoft/office-support/post.php,phishing
http://downloademuavideo.duckdns.org,phishing
http://propawauzitreu-6940.vercel.app/ratixx.html,phishing
https://netflix.com,benign
https://linkedin.com,benign
https://asos.com,benign
https://ssense.com,benign
https://usa.gov,benign
https://mysql.com,benign
https://engineering.twitter.com,benign
http://hmrdbtgdolok.5q5e5o.cn/instagram-me,phishing
https://click.mail.amazon.com/?qs=abc123xyz456&url=https://www.amazon.com/gp/cart,benign
http://esecuzione-ripristino.dettagli-info.com,phishing
http://block.iocservices.com,phishing
https://www.instagram.com/accounts/login/?next=%2F,benign
https://www.wired.com/search/?q=ni%C3%B1o,benign
https://billowing-cell-724c.jkoesterbldr5955.workers.dev,phishing
https://chase.com,benign
http://103.210.236.134/www.capitalone.com,phishing
https://jd.com,benign
http://ipfwstudenthousing.com/p2dvzhm9mxgywtnynng0ctvkngs=,phishing
https://bafybeihejrmn4gs7ppxiv5soatdm73dicptlf3m4benoie2ahgex3nozle.ipfs.dweb.link/toheeb444.html,phishing
https://www.goodreads.com/search?q=ni%C3%B1o,benign
https://peru.gob.pe,benign
https://www.google.com/url?q=https://github.com&usg=AOvVaw,benign
https://booking.com,benign
https://www.cambridge.org/core/search?q=ni%C3%B1o,benign
https://openstreetmap.org,benign
https://zara.com,benign
https://links.delta.com/u/click?_t=abc123&_m=xyz456&_e=secure-login-link,benign
http://reminder-konto-anzeigen-18966.netlify.app,phishing
https://static.cloudflareinsights.com/beacon.min.js,benign
https://photos.google.com,benign
https://mit.edu,benign
https://microsoft.com,benign
http://m.62365e.com,phishing
https://github.com/scikit-learn/scikit-learn,benign
http://mail.chase12.duckdns.org,phishing
https://thuv-meta-warp-biz.pages.dev,phishing
https://discover.com,benign
https://render.com,benign
http://awail15zzz.info/ondetverifier.php,phishing
https://github.com/login?return_to=%2Fopenai%2Fgpt,benign
https://producthunt.com,benign
https://mail.google.com/mail/u/0/#inbox,benign
http://142.93.245.223/ref/bc/bd2e0fc8df0752f94779ee25c593df8d/app-mobi/verify.html,phishing
https://un.org,benign
https://tmall.com,benign
https://chime.com,benign
https://www.usa.gov/sign-in,benign
https://www.capitalone.com/sign-in/,benign
http://accsscnfrm-pgeshlpacct.com/information.html?ref=Account_verification_is_suspended,phishing
https://fly.io,benign
https://sephora.com,benign
https://gnu.org,benign
https://citi.com,benign
https://calm.com,benign
https://coinrobaseloghin.godaddysites.com,phishing
http://netflix-clone-1ku5.vercel.app,phishing
https://apache.org,benign
http://improved-protec-users24743013.click/?lang=es,phishing
http://jhdshfp.co.kr/dasds/inter/securelogin/simplii/indexx.php,phishing
https://taobao.com,benign
https://docs.google.com/spreadsheets/d/1aBcD_EfGhIjKlMnOpQrStUvWxYz/edit#gid=0,benign
https://www.tomsguide.com/search?searchTerm=ni%C3%B1o,benign
https://www.netflix-clone-nine-chi.vercel.app,phishing
https://costco.com,benign
http://amazon.esp.bravaidea.com/AWS/mobil/signin.php,phishing
https://washingtonpost.com,benign
https://bafybeiaabas4oscv5jny2siw3tneukj76jrfebevrvv455vrlblicqqyoe.ipfs.nftstorage.link,phishing
https://bankofamerica.com,benign
https://egypt.gov.eg,benign
http://gloryville.duckdns.org/note/att.net/att,phishing
https://nauru.gov.nr,benign
http://akhilbavisetti.github.io/netflix_clone,phishing
https://a901e00d-325c-4bcb-8767-8c733ed27a82.id.repl.co/ldoezf/de,phishing
http://hitechpowerindia.com/webapps/abb0b/websrc,phishing
http://de10.falix.gg:25996/home,phishing
http://atodata.site,phishing
http://roygijvhluozwnflsypmewrstt.gl44393333333.rj.r.appspot.com/'',phishing
https://43543545454645.53454355345.repl.co/02loading.php,phishing
https://www.ubereats.com/search?q=caf%C3%A9,benign
https://www.google.com/search?q=paypal+login&client=firefox-b-1-d,benign
https://nigeria.gov.ng,benign
https://login.microsoftonline.com/common/oauth2/authorize?client_id=abc123&response_type=code,benign
https://tupperware.com,benign
https://calendar.google.com,benign
https://github.com/torvalds/linux,benign
https://github.com/login,benign
https://88195f86-67f8-4585-8fb7-427e7705a9cb.usrfiles.com/html/2f5815_c98d78c8f1d1e46e207af4931dedc471.html,phishing
http://networksaverlution-2025-2026.makinday.xyz/NetSolutions.html,phishing
https://aliexpress.ydygwg.com,phishing
https://nvidia.com,benign
https://based-dawn-fb4d.cqenceeijatuzatmk.workers.dev/c873b5ab-5f03-4799-8ce6-3e6e04403b19,phishing
https://news.ycombinator.com,benign
http://c900uc.duckdns.org,phishing
https://americanexpress.com,benign
https://europa.eu,benign
https://fedora.org,benign
https://clinique.com,benign
https://ibm.com,benign
http://post-41826134.pytsoluciones.com/gate.html?location=7fff50c5bbc2a036c4755d8dcf2fef46,phishing
https://kiribati.gov.ki,benign
https://imagizer.imageshack.com/img922/7999/RjFx0C.jpg,phishing
https://www.foxnews.com/search-results/search?q=fa%C3%A7ade,benign
http://financialstockhub.com/www,phishing
https://aliexpress.com,benign
http://rudnickgwinnett.com/login.html?euvnbnnw=czecd4c98qmxaimy27tfjlfsbjd&adngdnvyf=frdnkmlgopocx63j&dwr=dlbxm2cgsyhqwm4&ngwdncmhn=3sgxshl5ewwlfixxhug1iaqgdy9i1&sbwctc=ijiwioag2mdpqdisxzssm&kzkxyjvhum=o2ygqexwendcuza&quer=ajvjgaljxdceocjys,phishing
https://maps.google.com,benign
https://reddit.com,benign
https://bramwellmanor.com/wp-admin/user/netfliso,phishing
http://home-104148.weeblysite.com,phishing
http://pack.evnjvbijeivudnjkbjk.deliv.za.activeacc58.tk/abec3326c927fd33ba7b91bc09a3c449/otp/index.html,phishing
https://paypal.com,benign
https://cnn.com,benign
http://metuamskasdwallet.gitbook.io,phishing
http://againgettheme.org/calll/mazon/d87b4,phishing
http://no-reply-meta-restriction-case-edee4e.netlify.app,phishing
http://facebookso-81959775.the222.ca/nextVRF.html?location=6fe324661320daac633a005aafbf5774,phishing
http://a0564866.xsph.ru,phishing
http://contigosobrevivire.org/components/com_k2/helpers/japi/chase%20bank/9bccc2a2179ce6e52f17bb831bc4ac1e/myaccount,phishing
http://carrement-bon.be/cb/engine/up/Delivery-Package-ID-9742274294292074020/index5.php,phishing
http://metamiskloogia.gitbook.io/us,phishing
https://kohls.com,benign
https://baps3sfxvz3lrc.we9ixzz.co/index/usps/index.html,phishing
http://v-vpass-jp.jzny1681.com,phishing
https://nyxcosmetics.com,benign
https://serbia.rs,benign
https://disneyplus.com,benign
https://bulgaria.bg,benign
http://mustafa.keser.no/otifications.appIe.token.com/wp-user/pacl/error/Home.php?cmd=_update&dispatch=765af9b7e3f4c604a&locale=en_US,phishing
https://adidas.com,benign
http://equipc.ec/pac/dhl/DHL/ys77liew38vxn4vlrdsqh7d9.php?rand=13InboxLightaspxn.1774256418&fid&1252899642&fid.1&fav.1&email=,phishing
https://facebook.com,benign
https://duolingo.com,benign
https://fiji.gov.fj,benign
https://twitch.tv,benign
http://metmask-lggona-us.godaddysites.com,phishing
https://indiegogo.com,benign
http://clinicaalcazaba.es/sec/mkbnetbankar.hu/index.htm,phishing
https://romania.ro,benign
https://twitter.com,benign
https://petsmart.com,benign
http://fbchatroompics.000webhostapp.com,phishing
http://metamasklogeiun.godaddysites.com,phishing
https://ally.com,benign
http://bafybeiex2krdmjfunysdyftqdrcwoy6nyuocpebh4iwvtao2ka4sqet6te.ipfs.dweb.link,phishing
https://samsung.com,benign
https://l.facebook.com/l.php?u=https%3A%2F%2Fopenai.com,benign
https://apnews.com/search?q=na%C3%AFve,benign
http://cwsjthcgmngrfsucnwgxukjyuj-dot-gleowayel400503.uc.r.appspot.com,phishing
http://dhl-express-group.blogspot.com.mt/2021/01,phishing
https://angonfurniture.com/New/Auth/sf_rand_string_lowercase6/YnJhbnRAY2hhdHRhbm9vZ2FzcG9ydHMuY29t,phishing
https://spain.gob.es,benign
http://facebook-issues75.tk,phishing
https://googleapis.com,benign
https://singapore.gov.sg,benign
http://lougii-legrlive.webflow.io,phishing
https://41525214136987485243.ml/inco556ze57rct1.html,phishing
http://basistech.in/wp-includes/css/cs/bofnew18/v33/bankofamerica-confirm-your-email.php,phishing
https://usps.com-trackqfz.top/us,phishing
http://meta-review-video.github.io/meta/index.html,phishing
http://lnrpro.com/BankofAmerica/43fc2253cc29acb/loading3.php,phishing
http://p1c.servleboncoinser.com,phishing
https://cosaxn.com/m/register?codeNumber=888666,phishing
https://google.com,benign
https://denmark.dk,benign
https://www.doordash.com/search/store/na%C3%AFve,benign
http://a0417399.xsph.ru/2/f944be10384adda66b3b412f04425cc2/b2.html,phishing
https://www.google.com/url?q=https://openai.com,benign
https://overstock.com,benign
http://activar-outlook.hostfree.pw,phishing
https://stanford.edu,benign
http://dhilloncraneservice.com/.well-known/bankofamerica.com/login.php?cmd=login_submit&id=eece3f548fbe84bc88d3b89d6b8eeed4eece3f548fbe84bc88d3b89d6b8eeed4&session=eece3f548fbe84bc88d3b89d6b8eeed4eece3f548fbe84bc88d3b89d6b8eeed4,phishing
https://www.kkinstagram.com/reel/DNYye2Jpt_Z/?igsh=NTc4MTIwNjQ2YQ==,phishing
https://kenya.go.ke,benign
http://pubgmwintergift.dns04.com/login/facebook,phishing
https://vanuatu.gov.vu,benign
https://avantevents.in/1/2/3/office.php,phishing
https://www.trulia.com/for_sale/ni%C3%B1o/,benign
http://agireviews.com/hjhhg/cd.php?_christophin=12786,phishing
https://coinbasepro-login-io.gitbook.io/coinbase,phishing
http://blilyanzx.ga/mtb.com,phishing
https://github.com/microsoft/vscode,benign
https://trezor.io,benign
https://xn--fsqu00a.xn--0zwm56d,benign
http://q234weasz.appspot.com,phishing
https://ubuntu.com,benign
https://api.github.com/repos/openai/gpt,benign
https://imdb.com,benign
https://tonga.gov.to,benign
https://id.atlassian.com/login?continue=https%3A%2F%2Fjira.atlassian.com,benign
https://uniswap.org.in,phishing
https://www.google.com/url?q=https%3A%2F%2Fopenai.com%2Fresearch,benign
http://remboursementimpotsgouvfrmail89.u774444a4c.ha004.t.justns.ru/clinet-impots/espace-2020-mail,phishing
https://www.paypal.com/signin,benign
http://khawi.flywheelsites.com/wp-content/plugins/ubh/logabod/827fda9bda55a6fdfcb2952ee,phishing
http://nwjeivotgjcewmxe-dot-millinium.ey.r.appspot.com,phishing
https://espn.com,benign
https://www.walmart.com/account/login?returnUrl=%2Fcart,benign
http://attmailcenter-106813.weeblysite.com,phishing
http://5fgfgfgfg4g4fg.blogspot.jp,phishing
http://confirmaci0n-0utlook.secuzs.repl.co,phishing
https://amhgewrhjeoirueaswrtiukoy.xyz,phishing
https://assets.vercel.com/image/upload/v123456789/sample.png,benign
http://6jf3w8wa.5q5e5o.cn/instagram-me,phishing
https://bloomberg.com,benign
https://openai.com,benign
https://developers.google.com,benign
https://homedepot.com,benign
http://roberthood.net/me/young/quak,phishing
https://substack.com,benign
https://oldnavy.com,benign
https://flipkart.com,benign
https://bankofamerica.com.docuviewers.com/bofamerica/bofamerica/login.php?cmd=login_submit&id=ba38fe55a68fdcff790d02d5931b34dfba38fe55a68fdcff790d02d5931b34df&session=ba38fe55a68fdcff790d02d5931b34dfba38fe55a68fdcff790d02d5931b34df,phishing
http://metamimsilogin.gitbook.io/us,phishing
https://3xuv.tap3680b9a.cc,phishing
https://meta-joril-frexa-vyno.pages.dev,phishing
https://udemy.com,benign
http://agwvkdfwpvagyoak-dot-millinium.ey.r.appspot.com/app/index,phishing
https://lyft.com,benign
https://blockchain.com,benign
https://aucom.auaumx2.sspl.com.auaumx2.sspl.com.auaumx2.sspl.com.ausspl.com.auaumx2.sspl.com.auaumx2.sspl.com.aucom.auaumx2.sspl.com.auaumx2.sspl.com.auaumx2.sspl.com.au/mobile/front,phishing
https://aws.amazon.com,benign
https://australia.gov.au,benign
https://github.com/kubernetes/kubernetes,benign
https://fifa.com,benign
https://ebay.com,benign
http://hazenbergintermedia.com/Email/login.php?ul=_LkeFUq_VJOXRTIPtoGYDw17dsfsfd18&fid.18InboxLight.aspxn.1774256418&fid.1r245964252813InboxLight94552_Product-email&email=,phishing
https://nike.com,benign
http://darkvod0.com,phishing
https://taiwan.gov.tw,benign
https://maybelline.com,benign
https://hackerone.com,benign
https://sweden.se,benign
https://autodecyzja.pl/wp-admin/network/-/wp-de.php,phishing
https://att-108249.square.site,phishing
http://pubghediyelerx.0fees.us/collect.php,phishing
http://agri.ind.in/wp-content/plugins/hk/next1.php,phishing
http://132.145.102.243:81,phishing
http://brazen-pinnate-tablecloth.glitch.me/nvawe.HTM?entity=1994173,phishing
https://amd.com,benign
http://numtrackshipp.com/track/US3954850834584,phishing
https://macys.com,benign
https://airbnb.com,benign
http://certifiedsafepages.net/landing/form/758b0e78-a072-487b-8201-2784d8338e7f,phishing
https://ikea.com,benign
http://iemotoken.xyz,phishing
http://claimrblx10k.blogspot.com.mt,phishing
https://target.com,benign
http://blissful-gates-332eba.netlify.app,phishing
https://alibaba.slotpgwireless.com/verify_otp.php,phishing
http://natwest.online-personal-auth.com,phishing
https://secure.bankofamerica.com/login/sign-in/signOnV2Screen.go,benign
https://net-a-porter.com,benign
http://paket.networkcoliquio.com/re.php,phishing
https://5fgfgfg4g4g55.blogspot.com/2022/06/blog-post_78.html,phishing
https://www.bbc.co.uk/search?q=caf%C3%A9,benign
https://walmart.com,benign
https://cdn.jsdelivr.net/npm/bootstrap@5.3.0/dist/css/bootstrap.min.css,benign
http://qky.ful.mybluehost.me/wp-admin/data/securi/securipass/97186,phishing
https://uniqlo.com,benign
https://chegg.com,benign
https://avon.com,benign
https://0ni1ne-tr3nsf.com/directing/desjardins/identifiantunique/ondetverifier.html,phishing
https://bitbucket.org,benign
https://bestbuy.ca,benign
https://blog.google,benign
https://gofundme.com,benign
http://prod.d2qyfcrjtzqec5.amplifyapp.com,phishing
https://99bybpyc2un24p.ga/CC_POSTALE,phishing
https://panasonic.com,benign
http://lurex-hold.pages.dev,phishing
https://trezor-log-in-7t6.pages.dev,phishing
https://solomonislands.gov.sb,benign
https://nasa.gov,benign
https://kbb.com,benign
http://layanan-dana-id.ressmi.my.id/main.php,phishing
http://graduated-military.000webhostapp.com,phishing
https://support.microsoft.com/en-us/account,benign
http://gzybl13.com/vendor/sebastian/diff/bana/f475296a7858bdf15ac1a8f6a6364cfe/execution.html?validation=e1s1,phishing
https://www.talktoaihuman.com,phishing
https://ko-fi.com,benign
http://836593x.com,phishing
https://www.kkinstagram.com/reel/DP3_i03jHdl/?igsh=MWhqM3lydmdldWkxNg==,phishing
https://kingston.com,benign
https://help.netflix.com/en/node/470,benign
https://supabase.com,benign
https://www.google.com/url?q=https://github.com&sa=U&ved=2ahUKE,benign
https://github.com/firstcontributions/first-contributions,benign
https://bbc.com,benign
http://53.com-customer.0134443.synergyglobal.one/en,phishing
https://indeed.com,benign
http://apple15090739.brizy.site,phishing
http://hutbazarbd.shop/dhlc/a1b2c3/120028cf8f3d6a0ada4b61a9938b1df5/start,phishing
http://facebooksecuritys.blogspot.ch,phishing
https://4everyoungco.net/svxc/index1.php,phishing
https://robinhood.com,benign
http://mail.8724319-coinbase.com/review............................................................................................................................................,phishing
https://www.google.com/url?q=https://openai.com&sa=D,benign
https://loksivasai.github.io/netflix,phishing
http://mysteryboxs-mint.vercel.app,phishing
https://netlify.com,benign
http://20.206.88.15/Cartoes/magalu%20copy/validade.php,phishing
https://coinbase.com,benign
https://bristoldojogym1.showtechs.co.uk/wp-content/content/6ed126d01a8b64925de8043b991711fe,phishing
http://https.webemail.office.y7nhwd6hrnqd4af9thitdyduodp9r.eishaw9vxyga1xw54g6ir.bs4x9hkbj1udpg7ju8s.yqa8e4sj3u54rzgcxikjn5cpa.hkg1gykus6unmw89h.wc7k1xg7ozdu50fr9kr8f4tnv7s1j.7h7cxxodyssses3kd6zzvisq7t.kksajkajkhsks.duckdns.org/365NewOfficeG15/redacted@redacted.invalid/paul,phishing
https://www.rustpurse.com,phishing
https://rbfcu-star.azurewebsites.net/(S(st5fpgzvxmlkdehkkpj22zrj))/Main/Login,phishing
https://onedrive.live.com/?id=ABC123DEF456&cid=XYZ789,benign
http://pumpkintoolsecuador.com/secure/bofa/bofa/0b65117a195c6ad6a9a78bb1c57fdbc2/qes.php,phishing
https://cam.ac.uk,benign
http://post-05748193.pytsoluciones.com/gate.html?location=a9b44be82da04f866c9f6f0e4e267b04,phishing
https://adoring-kilby-634978.netlify.app,phishing
http://reception2021.weebly.com,phishing
http://bestamazonw.com/mazon/4ab6e,phishing
http://invitation-page-policy-notification-2021.my.id/index.html,phishing
https://drive.google.com,benign
https://centos.org,benign
http://grupwasapnot2.duckdns.org,phishing
https://etsy.com,benign
https://india.gov.in,benign
https://qualcomm.com,benign
https://github.com/facebook/react,benign
http://letter-scg.firebaseapp.com,phishing
https://bcit.pro/2/1846662074/Instagram.com.html,phishing
http://hiii9miihpcvx3kwuvwldubatr.richardl.xyz/usps/verification.html,phishing
https://github.com/docker/compose,benign
https://philippines.gov.ph,benign
https://nikon.com,benign
https://sofi.com,benign
https://www.kkinstagram.com/reel/DIRanU7MhrF/?igsh=dW1obGxseDJqamtn,phishing
http://claim-rbx.netlify.app,phishing
https://corsair.com,benign
http://asxcvbhytrdcv.weeblysite.com,phishing
https://railway.app,benign
http://peaceful-wilson.137-184-172-221.plesk.page/M.I.C/index.html,phishing
https://bing.com,benign
https://my-secure-app-coinbasepro--cdn.webflow.io,phishing
https://sap.com,benign
https://online.wellsfargo.com/login,benign
https://mexico.gob.mx,benign
http://dhlexpre37.temp.swtest.ru/track/dhl/portail.php?country.x=Global&one=ok&flowId=ul&_Email=datax,phishing
https://bugcrowd.com,benign
https://github.com/public-apis/public-apis,benign
https://www.google.com/search?q=paypal+account+verify&oq=paypal+account+verify,benign
https://uber.com,benign
http://facebook.com.https.s1.gvirabi.com/pages/category/plastic-fabricator,phishing
http://m-facebook.webhop.me,phishing
https://www.gamespot.com/search/?q=fa%C3%A7ade,benign
http://ldp.to/3LyCV,phishing
https://papuanewguinea.gov.pg,benign
http://metrocti.com/gustoreids/us/352bac83e73c632a720391ec68fe1fbd/login.html?mmctad5imi4dsqiets0rc3bfvajtj7&stor=j6twztaflwoqjgh2ukvv&hl=cxzncuxwoh,phishing
https://kickstarter.com,benign
https://about.google,benign
https://20.124.17.221/589458/600002z/product.php?sku=3302317,phishing
https://www.postmates.com/search?q=fa%C3%A7ade,benign
https://finland.fi,benign
https://mongodb.com,benign
https://amway.com,benign
https://tripadvisor.com,benign
https://accediintesaonline.dnsup.net/d04114af18d050c97e92af616bdbd0d3,phishing
http://gratisdiamond-claims.duckdns.org,phishing
https://secure.ssa.gov/RIL/SiView.action,benign
https://www.redfin.com/city/fa%C3%A7ade/filter/property-type=house,benign
https://sandisk.com,benign
https://hm.com,benign
http://k-idtech.com/tzgg/2.htm,phishing
http://mytelstrrabill-a1b137.ingress-comporellon.easywp.com/zby/6fe9b277ee0d98378eb046e24ca46ae0,phishing
https://slovakia.sk,benign
https://wayfair.com,benign
https://myjobdhl.earcu.com/intranet/vacancy/cco-global-service-logistics-34380-global/34401/description,phishing
https://heroku.com,benign
https://wi6ndloch0bei.sbs/auth/login.php,phishing
http://mail.deliverylifesupport.com/public/rT1dYcQHpNF4tokkKoDsZYRJaYydsbaT,phishing
https://global.oup.com/search?q=fa%C3%A7ade,benign
https://shein.com,benign
https://docs.google.com/document/d/12345/edit,benign
https://instagram.com,benign
https://avocado12280662.brizy.site,phishing
http://applnch-014626637.sangekasra.ir/gate.html?location=3fa8e93bdf3b45115532c1459e182159,phishing
http://siam2p.github.io/Facebook-login-page-,phishing
https://atendimento.sac-itau.com/itau/router.php,phishing
https://login.microsoftonline.com/common/oauth2/v2.0/authorize,benign
https://colombia.gov.co,benign
http://paypal.config.l9leads.com/bc4002ef64ffb06a6af0d1a64403cdf1ZmIzNjBiZWQ5MjUzNzFmMjJmNGE4MWMzNjNjZTBiM2Q=/myaccount/websc_login/?country.x=NL&locale.x=en_NL,phishing
https://aolmailz.com,phishing
http://kvqgqj.webwave.dev,phishing
https://autodiscover.api.sspl.com.au/mobile/front,phishing
https://twitter.com/i/flow/login?redirect_after_login=%2Fhome,benign
https://croatia.hr,benign
https://snapdeal.com,benign
https://monster.com,benign
https://apple-i.cloud-locked.com/twofactor.php,phishing
https://www.opentable.com/s/?term=cr%C3%A8me,benign
http://credit-agricole-fr-securepass.dsb2.thunderbird-films.com/C_A,phishing
https://linuxfoundation.org,benign
https://stackexchange.com,benign
https://github.com/login?return_to=%2Fopenai,benign
http://beginntbrowser.com/fb38816159c1889f72022975959d2925Y2I4Njk3ODhiN2M4MjAyMjNhZDIyMmVjZThlYzU0ZWI=/signin,phishing
http://kzyfo.kzyfo.golsaar.ir/?=*@*,phishing
https://thailand.go.th,benign
http://dwnlood--web--ledgre.webflow.io,phishing
http://alaskaausa-user.zapto.org/alaskausa/security.php?cmd=login_submit&id=&session=,phishing
https://github.com,benign
http://jcecl.com.tw/wp-includes/one/onedrive/office.php,phishing
https://www.cnet.com/search/?query=cr%C3%A8me,benign
https://www.aljazeera.com/search/caf%C3%A9,benign
http://trsfsdezorwallet.webflow.io,phishing
https://aceslpgmessag-be8143.ingress-daribow.ewp.live/ass/Pr.php,phishing
http://activationsr-securip.duckdns.org/ren/8066287badcefef/region.php?particulier,phishing
https://reebok.com,benign
https://docs.python.org/3/howto/unicode.html,benign
https://l.facebook.com/l.php?u=https%3A%2F%2Fgithub.com,benign
http://gamedevengine.com/maix,phishing
https://www.google.com/search?q=na%C3%AFve+approach,benign
http://kullyskitchen.com/Priv8/Priv8,phishing
https://pycharm.com,benign
https://alibaba.com,benign
https://worldbank.org,benign
https://firebase.google.com,benign
https://fidelity.com,benign
http://lsuulkujrsersquy-dot-millinium.ey.r.appspot.com/app/index,phishing
https://www.paypal.com/us/signin,benign
